{
  "name": "Leader Ivan",
  "ai": {
    "type": "rct",
    "data": {
      "maxSelectMargin": 0.15
    }
  },
  "battleRules": {
    "maxItemUses": 6
  },
  "bag": [
    {
      "item": "cobblemon:full_restore",
      "quantity": 6
    }
  ],
  "team": [
    {
      "species": "kyogre",
      "gender": "GENDERLESS",
      "level": 75,
      "nature": "timid",
      "ability": "primordialsea",
      "moveset": [
        "icebeam",
        "waterspout",
        "originpulse",
        "thunder"
      ],
      "ivs": {
        "hp": 31,
        "atk": 31,
        "def": 31,
        "spa": 31,
        "spd": 31,
        "spe": 31
      },
      "evs": {
        "spa": 252,
        "def": 6,
        "spe": 252
      },
      "heldItem": [
        "mega_showdown:blueorb"
      ],
      "aspects": [
        "primal"
      ]
    }
  ]
}