{
  "implemented": true,
  "nationalPokedexNumber": 176,
  "name": "Togetic",
  "primaryType": "fairy",
  "secondaryType": "flying",
  "maleRatio": 0.875,
  "height": 6,
  "weight": 32,
  "pokedex": [
    "cobblemon.species.togetic.desc"
  ],
  "labels": [
    "gen2"
  ],
  "aspects": [],
  "abilities": [
    "hustle",
    "serenegrace",
    "h:superluck"
  ],
  "eggGroups": [
    "flying",
    "fairy"
  ],
  "baseStats": {
    "hp": 55,
    "attack": 40,
    "defence": 85,
    "special_attack": 80,
    "special_defence": 105,
    "speed": 40
  },
  "evYield": {
    "hp": 0,
    "attack": 0,
    "defence": 0,
    "special_attack": 0,
    "special_defence": 2,
    "speed": 0
  },
  "baseExperienceYield": 142,
  "experienceGroup": "fast",
  "catchRate": 75,
  "eggCycles": 10,
  "baseFriendship": 50,
  "baseScale": 1,
  "hitbox": {
    "width": 1,
    "height": 1,
    "fixed": false
  },
  "drops": {
    "amount": 3,
    "entries": [
      {
        "item": "cobblemon:lucky_egg",
        "percentage": 5.0
      },
      {
        "item": "cobblemon:shiny_stone",
        "percentage": 5.0
      },
      {
        "item": "cobblemon:fairy_feather",
        "percentage": 5.0
      }
    ]
  },
  "moves": [
    "1:growl",
    "1:sweetkiss",
    "1:bestow",
    "1:fairywind",
    "1:pound",
    "1:lifedew",
    "12:charm",
    "16:ancientpower",
    "20:yawn",
    "24:metronome",
    "28:afteryou",
    "32:doubleedge",
    "36:safeguard",
    "40:followme",
    "44:batonpass",
    "48:lastresort",
    "52:wish",
    "egg:aerialace",
    "egg:bestow",
    "egg:extrasensory",
    "egg:foresight",
    "egg:luckychant",
    "egg:mirrormove",
    "egg:morningsun",
    "egg:peck",
    "egg:present",
    "egg:psychoshift",
    "egg:secretpower",
    "tm:aerialace",
    "tm:afteryou",
    "tm:aircutter",
    "tm:ancientpower",
    "tm:babydolleyes",
    "tm:batonpass",
    "tm:bodyslam",
    "tm:brickbreak",
    "tm:charm",
    "tm:covet",
    "tm:dazzlinggleam",
    "tm:defog",
    "tm:doubleedge",
    "tm:drainingkiss",
    "tm:drainpunch",
    "tm:dreameater",
    "tm:dualwingbeat",
    "tm:echoedvoice",
    "tm:encore",
    "tm:endeavor",
    "tm:endure",
    "tm:facade",
    "tm:fireblast",
    "tm:flamethrower",
    "tm:flash",
    "tm:fling",
    "tm:fly",
    "tm:focuspunch",
    "tm:futuresight",
    "tm:gigaimpact",
    "tm:grassknot",
    "tm:headbutt",
    "tm:healbell",
    "tm:heatwave",
    "tm:helpinghand",
    "tm:hyperbeam",
    "tm:hypervoice",
    "tm:imprison",
    "tm:incinerate",
    "tm:lastresort",
    "tm:lightscreen",
    "tm:magicalleaf",
    "tm:magiccoat",
    "tm:megakick",
    "tm:megapunch",
    "tm:metronome",
    "tm:mudslap",
    "tm:mysticalfire",
    "tm:nastyplot",
    "tm:ominouswind",
    "tm:playrough",
    "tm:protect",
    "tm:psychic",
    "tm:psychup",
    "tm:psyshock",
    "tm:raindance",
    "tm:reflect",
    "tm:rest",
    "tm:retaliate",
    "tm:rocksmash",
    "tm:rollout",
    "tm:roost",
    "tm:safeguard",
    "tm:secretpower",
    "tm:shadowball",
    "tm:shockwave",
    "tm:signalbeam",
    "tm:silverwind",
    "tm:sleeptalk",
    "tm:smartstrike",
    "tm:solarbeam",
    "tm:steelwing",
    "tm:storedpower",
    "tm:substitute",
    "tm:sunnyday",
    "tm:swift",
    "tm:tailwind",
    "tm:telekinesis",
    "tm:terablast",
    "tm:thunderwave",
    "tm:triattack",
    "tm:trick",
    "tm:twister",
    "tm:uproar",
    "tm:waterpulse",
    "tm:workup",
    "tm:zenheadbutt",
    "tutor:aerialace",
    "tutor:afteryou",
    "tutor:aircutter",
    "tutor:ancientpower",
    "tutor:babydolleyes",
    "tutor:covet",
    "tutor:dazzlinggleam",
    "tutor:defog",
    "tutor:drainpunch",
    "tutor:dualwingbeat",
    "tutor:endeavor",
    "tutor:flamethrower",
    "tutor:focuspunch",
    "tutor:gigaimpact",
    "tutor:healbell",
    "tutor:heatwave",
    "tutor:helpinghand",
    "tutor:hyperbeam",
    "tutor:hypervoice",
    "tutor:lastresort",
    "tutor:magicalleaf",
    "tutor:magiccoat",
    "tutor:mudslap",
    "tutor:mysticalfire",
    "tutor:ominouswind",
    "tutor:playrough",
    "tutor:psychic",
    "tutor:rest",
    "tutor:rocksmash",
    "tutor:rollout",
    "tutor:roost",
    "tutor:shadowball",
    "tutor:shockwave",
    "tutor:signalbeam",
    "tutor:sleeptalk",
    "tutor:swift",
    "tutor:tailwind",
    "tutor:telekinesis",
    "tutor:trick",
    "tutor:twister",
    "tutor:uproar",
    "tutor:waterpulse",
    "tutor:zenheadbutt"
  ],
  "preEvolution": "togepi",
  "evolutions": [
    {
      "id": "togetic_togekiss",
      "variant": "item_interact",
      "result": "togekiss",
      "consumeHeldItem": true,
      "learnableMoves": [
        "airslash"
      ],
      "requirements": [],
      "requiredContext": "cobblemon:shiny_stone"
    }
  ]
}