{
  "implemented": true,
  "nationalPokedexNumber": 522,
  "name": "Blitzle",
  "primaryType": "electric",
  "maleRatio": 0.5,
  "height": 8,
  "weight": 298,
  "pokedex": [
    "cobblemon.species.blitzle.desc"
  ],
  "labels": [
    "gen5"
  ],
  "aspects": [],
  "abilities": [
    "lightningrod",
    "motordrive",
    "h:sapsipper"
  ],
  "eggGroups": [
    "field"
  ],
  "baseStats": {
    "hp": 45,
    "attack": 60,
    "defence": 32,
    "special_attack": 50,
    "special_defence": 32,
    "speed": 76
  },
  "evYield": {
    "hp": 0,
    "attack": 0,
    "defence": 0,
    "special_attack": 0,
    "special_defence": 0,
    "speed": 1
  },
  "baseExperienceYield": 59,
  "experienceGroup": "medium_fast",
  "catchRate": 190,
  "eggCycles": 20,
  "baseFriendship": 50,
  "baseScale": 1,
  "hitbox": {
    "width": 1,
    "height": 1,
    "fixed": false
  },
  "drops": {
    "amount": 2,
    "entries": [
      {
        "item": "minecraft:leather",
        "quantityRange": "0-1"
      },
      {
        "item": "cobblemon:cheri_berry",
        "percentage": 2.5
      }
    ]
  },
  "moves": [
    "1:quickattack",
    "4:tailwhip",
    "8:charge",
    "11:shockwave",
    "15:thunderwave",
    "18:flamecharge",
    "22:pursuit",
    "25:stomp",
    "29:discharge",
    "33:agility",
    "35:wildcharge",
    "40:thrash",
    "egg:doublekick",
    "egg:feint",
    "egg:mefirst",
    "egg:rage",
    "egg:sandattack",
    "egg:screech",
    "egg:spark",
    "tm:agility",
    "tm:batonpass",
    "tm:bodyslam",
    "tm:bounce",
    "tm:charge",
    "tm:chargebeam",
    "tm:doubleedge",
    "tm:eerieimpulse",
    "tm:electricterrain",
    "tm:electroball",
    "tm:electroweb",
    "tm:endeavor",
    "tm:endure",
    "tm:facade",
    "tm:flamecharge",
    "tm:flash",
    "tm:helpinghand",
    "tm:lightscreen",
    "tm:lowkick",
    "tm:magnetrise",
    "tm:protect",
    "tm:raindance",
    "tm:rest",
    "tm:risingvoltage",
    "tm:screech",
    "tm:shockwave",
    "tm:signalbeam",
    "tm:sleeptalk",
    "tm:smartstrike",
    "tm:snatch",
    "tm:substitute",
    "tm:sunnyday",
    "tm:supercellslam",
    "tm:swift",
    "tm:takedown",
    "tm:terablast",
    "tm:thunder",
    "tm:thunderbolt",
    "tm:thunderwave",
    "tm:trailblaze",
    "tm:uproar",
    "tm:voltswitch",
    "tm:wildcharge",
    "tutor:bounce",
    "tutor:chargebeam",
    "tutor:electroweb",
    "tutor:endeavor",
    "tutor:helpinghand",
    "tutor:lowkick",
    "tutor:magnetrise",
    "tutor:rest",
    "tutor:risingvoltage",
    "tutor:shockwave",
    "tutor:signalbeam",
    "tutor:sleeptalk",
    "tutor:snatch",
    "tutor:swift",
    "tutor:thunderbolt",
    "tutor:uproar",
    "tutor:wildcharge"
  ],
  "evolutions": [
    {
      "id": "blitzle_zebstrika",
      "variant": "level_up",
      "result": "zebstrika",
      "consumeHeldItem": false,
      "learnableMoves": [],
      "requirements": [
        {
          "variant": "level",
          "minLevel": 27
        }
      ]
    }
  ]
}