{
  "implemented": true,
  "nationalPokedexNumber": 573,
  "name": "Cinccino",
  "primaryType": "normal",
  "maleRatio": 0.25,
  "height": 5,
  "weight": 75,
  "pokedex": [
    "cobblemon.species.cinccino.desc"
  ],
  "labels": [
    "gen5"
  ],
  "aspects": [],
  "abilities": [
    "cutecharm",
    "technician",
    "h:skilllink"
  ],
  "eggGroups": [
    "field"
  ],
  "baseStats": {
    "hp": 75,
    "attack": 95,
    "defence": 60,
    "special_attack": 65,
    "special_defence": 60,
    "speed": 115
  },
  "evYield": {
    "hp": 0,
    "attack": 0,
    "defence": 0,
    "special_attack": 0,
    "special_defence": 0,
    "speed": 2
  },
  "baseExperienceYield": 165,
  "experienceGroup": "fast",
  "catchRate": 60,
  "eggCycles": 15,
  "baseFriendship": 50,
  "baseScale": 1,
  "hitbox": {
    "width": 1,
    "height": 1,
    "fixed": false
  },
  "drops": {
    "amount": 2,
    "entries": [
      {
        "item": "cobblemon:silk_scarf",
        "percentage": 5.0
      },
      {
        "item": "cobblemon:chesto_berry",
        "percentage": 5.0
      }
    ]
  },
  "moves": [
    "1:bulletseed",
    "1:rockblast",
    "1:helpinghand",
    "1:tickle",
    "1:sing",
    "1:tailslap",
    "1:hypervoice",
    "1:lastresort",
    "1:afteryou",
    "1:echoedvoice",
    "1:charm",
    "1:swift",
    "1:encore",
    "1:slam",
    "1:pound",
    "1:babydolleyes",
    "1:growl",
    "1:doubleslap",
    "egg:aquatail",
    "egg:captivate",
    "egg:flail",
    "egg:knockoff",
    "egg:tailwhip",
    "egg:tidyup",
    "egg:wakeupslap",
    "tm:afteryou",
    "tm:alluringvoice",
    "tm:aquatail",
    "tm:babydolleyes",
    "tm:batonpass",
    "tm:bulletseed",
    "tm:calmmind",
    "tm:captivate",
    "tm:charm",
    "tm:chillingwater",
    "tm:covet",
    "tm:dazzlinggleam",
    "tm:dig",
    "tm:doubleedge",
    "tm:echoedvoice",
    "tm:encore",
    "tm:endeavor",
    "tm:endure",
    "tm:facade",
    "tm:faketears",
    "tm:fling",
    "tm:focusblast",
    "tm:gigaimpact",
    "tm:grassknot",
    "tm:gunkshot",
    "tm:helpinghand",
    "tm:hyperbeam",
    "tm:hypervoice",
    "tm:icespinner",
    "tm:irontail",
    "tm:knockoff",
    "tm:laserfocus",
    "tm:lastresort",
    "tm:lightscreen",
    "tm:mudslap",
    "tm:playrough",
    "tm:protect",
    "tm:raindance",
    "tm:rest",
    "tm:retaliate",
    "tm:rockblast",
    "tm:safeguard",
    "tm:seedbomb",
    "tm:shockwave",
    "tm:sleeptalk",
    "tm:substitute",
    "tm:sunnyday",
    "tm:superfang",
    "tm:swift",
    "tm:tailslap",
    "tm:takedown",
    "tm:terablast",
    "tm:thief",
    "tm:thunder",
    "tm:thunderbolt",
    "tm:thunderwave",
    "tm:trailblaze",
    "tm:tripleaxel",
    "tm:uproar",
    "tm:uturn",
    "tm:workup",
    "tutor:afteryou",
    "tutor:aquatail",
    "tutor:babydolleyes",
    "tutor:calmmind",
    "tutor:covet",
    "tutor:dazzlinggleam",
    "tutor:endeavor",
    "tutor:gigaimpact",
    "tutor:gunkshot",
    "tutor:helpinghand",
    "tutor:hyperbeam",
    "tutor:hypervoice",
    "tutor:irontail",
    "tutor:knockoff",
    "tutor:laserfocus",
    "tutor:lastresort",
    "tutor:mudslap",
    "tutor:playrough",
    "tutor:rest",
    "tutor:seedbomb",
    "tutor:shockwave",
    "tutor:sleeptalk",
    "tutor:superfang",
    "tutor:swift",
    "tutor:thunderbolt",
    "tutor:tripleaxel",
    "tutor:uproar"
  ],
  "preEvolution": "minccino",
  "evolutions": []
}