{
  "implemented": true,
  "nationalPokedexNumber": 638,
  "name": "Cobalion",
  "primaryType": "steel",
  "secondaryType": "fighting",
  "maleRatio": -1,
  "height": 21,
  "weight": 2500,
  "pokedex": [
    "cobblemon.species.cobalion.desc"
  ],
  "labels": [
    "gen5",
    "legendary"
  ],
  "aspects": [],
  "abilities": [
    "justified",
    "h:justified"
  ],
  "eggGroups": [
    "undiscovered"
  ],
  "baseStats": {
    "hp": 91,
    "attack": 90,
    "defence": 129,
    "special_attack": 90,
    "special_defence": 72,
    "speed": 108
  },
  "evYield": {
    "hp": 0,
    "attack": 0,
    "defence": 3,
    "special_attack": 0,
    "special_defence": 0,
    "speed": 0
  },
  "baseExperienceYield": 290,
  "experienceGroup": "slow",
  "catchRate": 3,
  "eggCycles": 80,
  "baseFriendship": 35,
  "baseScale": 1,
  "hitbox": {
    "width": 1,
    "height": 1,
    "fixed": false
  },
  "drops": {
    "amount": 1,
    "entries": [
      {
        "item": "cobblemon:metal_coat"
      }
    ]
  },
  "moves": [
    "1:quickattack",
    "1:leer",
    "1:helpinghand",
    "1:workup",
    "7:metalclaw",
    "14:quickguard",
    "21:doublekick",
    "28:retaliate",
    "35:metalburst",
    "42:takedown",
    "49:sacredsword",
    "56:swordsdance",
    "63:ironhead",
    "70:closecombat",
    "tm:aerialace",
    "tm:airslash",
    "tm:aurasphere",
    "tm:block",
    "tm:bodypress",
    "tm:bodyslam",
    "tm:bounce",
    "tm:brickbreak",
    "tm:calmmind",
    "tm:closecombat",
    "tm:coaching",
    "tm:cut",
    "tm:doubleedge",
    "tm:endure",
    "tm:facade",
    "tm:falseswipe",
    "tm:flashcannon",
    "tm:focusblast",
    "tm:gigaimpact",
    "tm:heavyslam",
    "tm:helpinghand",
    "tm:honeclaws",
    "tm:hyperbeam",
    "tm:irondefense",
    "tm:ironhead",
    "tm:laserfocus",
    "tm:magnetrise",
    "tm:megahorn",
    "tm:metalclaw",
    "tm:metalsound",
    "tm:poisonjab",
    "tm:protect",
    "tm:psychup",
    "tm:raindance",
    "tm:reflect",
    "tm:rest",
    "tm:retaliate",
    "tm:revenge",
    "tm:reversal",
    "tm:roar",
    "tm:rockpolish",
    "tm:rocksmash",
    "tm:safeguard",
    "tm:sandstorm",
    "tm:scaryface",
    "tm:sleeptalk",
    "tm:smartstrike",
    "tm:stealthrock",
    "tm:steelbeam",
    "tm:stoneedge",
    "tm:strength",
    "tm:substitute",
    "tm:sunnyday",
    "tm:superpower",
    "tm:swift",
    "tm:swordsdance",
    "tm:takedown",
    "tm:taunt",
    "tm:terablast",
    "tm:thunderwave",
    "tm:upperhand",
    "tm:vacuumwave",
    "tm:voltswitch",
    "tm:workup",
    "tm:xscissor",
    "tm:zenheadbutt",
    "tutor:aerialace",
    "tutor:block",
    "tutor:bounce",
    "tutor:calmmind",
    "tutor:coaching",
    "tutor:falseswipe",
    "tutor:flashcannon",
    "tutor:gigaimpact",
    "tutor:helpinghand",
    "tutor:hyperbeam",
    "tutor:irondefense",
    "tutor:ironhead",
    "tutor:laserfocus",
    "tutor:magnetrise",
    "tutor:megahorn",
    "tutor:poisonjab",
    "tutor:rest",
    "tutor:rocksmash",
    "tutor:sleeptalk",
    "tutor:stealthrock",
    "tutor:steelbeam",
    "tutor:stoneedge",
    "tutor:superpower",
    "tutor:swift",
    "tutor:vacuumwave",
    "tutor:xscissor",
    "tutor:zenheadbutt"
  ],
  "evolutions": []
}