{
  "implemented": true,
  "nationalPokedexNumber": 621,
  "name": "Druddigon",
  "primaryType": "dragon",
  "maleRatio": 0.5,
  "height": 16,
  "weight": 1390,
  "pokedex": [
    "cobblemon.species.druddigon.desc"
  ],
  "labels": [
    "gen5"
  ],
  "aspects": [],
  "abilities": [
    "roughskin",
    "sheerforce",
    "h:moldbreaker"
  ],
  "eggGroups": [
    "dragon",
    "monster"
  ],
  "baseStats": {
    "hp": 77,
    "attack": 120,
    "defence": 90,
    "special_attack": 60,
    "special_defence": 90,
    "speed": 48
  },
  "evYield": {
    "hp": 0,
    "attack": 2,
    "defence": 0,
    "special_attack": 0,
    "special_defence": 0,
    "speed": 0
  },
  "baseExperienceYield": 170,
  "experienceGroup": "medium_fast",
  "catchRate": 45,
  "eggCycles": 30,
  "baseFriendship": 50,
  "baseScale": 1,
  "hitbox": {
    "width": 1,
    "height": 2,
    "fixed": false
  },
  "behaviour": {
    "moving": {
      "walk": {
        "walkSpeed": 0.3
      },
      "swim": {
        "canSwimInLava": false
      }
    }
  },
  "drops": {
    "amount": 2,
    "entries": [
      {
        "item": "cobblemon:dragon_fang",
        "percentage": 5.0
      },
      {
        "item": "cobblemon:haban_berry",
        "percentage": 5.0
      }
    ]
  },
  "moves": [
    "1:leer",
    "1:scratch",
    "1:dragonrage",
    "1:chipaway",
    "5:bite",
    "10:dragontail",
    "15:metalclaw",
    "20:scaryface",
    "25:slash",
    "30:dragonclaw",
    "35:honeclaws",
    "40:nightslash",
    "45:ironhead",
    "50:outrage",
    "55:superpower",
    "egg:crushclaw",
    "egg:feintattack",
    "egg:glare",
    "egg:nightslash",
    "egg:poisontail",
    "egg:pursuit",
    "egg:suckerpunch",
    "tm:aerialace",
    "tm:aquatail",
    "tm:bodyslam",
    "tm:bulldoze",
    "tm:chargebeam",
    "tm:crunch",
    "tm:cut",
    "tm:darkpulse",
    "tm:dig",
    "tm:dracometeor",
    "tm:dragonclaw",
    "tm:dragonpulse",
    "tm:dragontail",
    "tm:dualwingbeat",
    "tm:earthquake",
    "tm:endure",
    "tm:facade",
    "tm:firefang",
    "tm:firepunch",
    "tm:flamethrower",
    "tm:flashcannon",
    "tm:fling",
    "tm:focusblast",
    "tm:gigaimpact",
    "tm:gunkshot",
    "tm:heatwave",
    "tm:honeclaws",
    "tm:hyperbeam",
    "tm:incinerate",
    "tm:ironhead",
    "tm:irontail",
    "tm:lashout",
    "tm:megapunch",
    "tm:metalclaw",
    "tm:outrage",
    "tm:payback",
    "tm:poisontail",
    "tm:poweruppunch",
    "tm:protect",
    "tm:raindance",
    "tm:rest",
    "tm:retaliate",
    "tm:revenge",
    "tm:roar",
    "tm:rockclimb",
    "tm:rockslide",
    "tm:rocksmash",
    "tm:rocktomb",
    "tm:scaleshot",
    "tm:scaryface",
    "tm:shadowclaw",
    "tm:shockwave",
    "tm:sleeptalk",
    "tm:sludgebomb",
    "tm:smackdown",
    "tm:snarl",
    "tm:snatch",
    "tm:stealthrock",
    "tm:stompingtantrum",
    "tm:strength",
    "tm:substitute",
    "tm:suckerpunch",
    "tm:sunnyday",
    "tm:superpower",
    "tm:surf",
    "tm:taunt",
    "tm:terablast",
    "tm:thunderfang",
    "tm:thunderpunch",
    "tm:torment",
    "tutor:aerialace",
    "tutor:aquatail",
    "tutor:bulldoze",
    "tutor:chargebeam",
    "tutor:darkpulse",
    "tutor:dracometeor",
    "tutor:dragonpulse",
    "tutor:dualwingbeat",
    "tutor:firefang",
    "tutor:firepunch",
    "tutor:flamethrower",
    "tutor:flashcannon",
    "tutor:gigaimpact",
    "tutor:gunkshot",
    "tutor:heatwave",
    "tutor:hyperbeam",
    "tutor:ironhead",
    "tutor:irontail",
    "tutor:lashout",
    "tutor:outrage",
    "tutor:rest",
    "tutor:rockslide",
    "tutor:rocksmash",
    "tutor:scaleshot",
    "tutor:shadowclaw",
    "tutor:shockwave",
    "tutor:sleeptalk",
    "tutor:sludgebomb",
    "tutor:snarl",
    "tutor:snatch",
    "tutor:stealthrock",
    "tutor:stompingtantrum",
    "tutor:suckerpunch",
    "tutor:superpower",
    "tutor:thunderfang",
    "tutor:thunderpunch"
  ],
  "evolutions": []
}