{
  "implemented": true,
  "nationalPokedexNumber": 576,
  "name": "Gothitelle",
  "primaryType": "psychic",
  "maleRatio": 0.25,
  "height": 15,
  "weight": 440,
  "pokedex": [
    "cobblemon.species.gothitelle.desc"
  ],
  "labels": [
    "gen5"
  ],
  "aspects": [],
  "abilities": [
    "frisk",
    "competitive",
    "h:shadowtag"
  ],
  "eggGroups": [
    "human_like"
  ],
  "baseStats": {
    "hp": 70,
    "attack": 55,
    "defence": 95,
    "special_attack": 95,
    "special_defence": 110,
    "speed": 65
  },
  "evYield": {
    "hp": 0,
    "attack": 0,
    "defence": 0,
    "special_attack": 0,
    "special_defence": 3,
    "speed": 0
  },
  "baseExperienceYield": 245,
  "experienceGroup": "medium_slow",
  "catchRate": 50,
  "eggCycles": 20,
  "baseFriendship": 50,
  "baseScale": 0.6,
  "hitbox": {
    "width": 1,
    "height": 1.6,
    "fixed": false
  },
  "drops": {
    "amount": 5,
    "entries": [
      {
        "item": "minecraft:ender_pearl",
        "quantityRange": "0-3"
      },
      {
        "item": "cobblemon:twisted_spoon",
        "percentage": 10.0
      },
      {
        "item": "cobblemon:persim_berry",
        "percentage": 10.0
      }
    ]
  },
  "moves": [
    "1:pound",
    "1:confusion",
    "1:tickle",
    "1:doubleslap",
    "1:feintattack",
    "1:healblock",
    "1:playnice",
    "12:psybeam",
    "16:charm",
    "20:psyshock",
    "24:hypnosis",
    "28:faketears",
    "35:psychup",
    "40:psychic",
    "48:flatter",
    "56:futuresight",
    "64:magicroom",
    "egg:captivate",
    "egg:fakeout",
    "egg:healpulse",
    "egg:hypnosis",
    "egg:meanlook",
    "egg:miracleeye",
    "egg:mirrorcoat",
    "egg:torment",
    "tm:allyswitch",
    "tm:bodyslam",
    "tm:brickbreak",
    "tm:calmmind",
    "tm:captivate",
    "tm:charm",
    "tm:cosmicpower",
    "tm:covet",
    "tm:darkpulse",
    "tm:dreameater",
    "tm:embargo",
    "tm:endure",
    "tm:energyball",
    "tm:expandingforce",
    "tm:facade",
    "tm:faketears",
    "tm:flash",
    "tm:fling",
    "tm:focusblast",
    "tm:foulplay",
    "tm:futuresight",
    "tm:gigaimpact",
    "tm:grassknot",
    "tm:gravity",
    "tm:guardswap",
    "tm:healbell",
    "tm:helpinghand",
    "tm:hyperbeam",
    "tm:imprison",
    "tm:laserfocus",
    "tm:lightscreen",
    "tm:lowsweep",
    "tm:magiccoat",
    "tm:magicroom",
    "tm:metronome",
    "tm:nastyplot",
    "tm:payback",
    "tm:poweruppunch",
    "tm:protect",
    "tm:psybeam",
    "tm:psychic",
    "tm:psychicnoise",
    "tm:psychicterrain",
    "tm:psychup",
    "tm:psyshock",
    "tm:raindance",
    "tm:recycle",
    "tm:reflect",
    "tm:rest",
    "tm:rockslide",
    "tm:rocktomb",
    "tm:roleplay",
    "tm:safeguard",
    "tm:shadowball",
    "tm:shockwave",
    "tm:signalbeam",
    "tm:skillswap",
    "tm:sleeptalk",
    "tm:snatch",
    "tm:storedpower",
    "tm:substitute",
    "tm:swift",
    "tm:taunt",
    "tm:telekinesis",
    "tm:terablast",
    "tm:thief",
    "tm:thunderbolt",
    "tm:thunderwave",
    "tm:torment",
    "tm:trick",
    "tm:trickroom",
    "tm:zenheadbutt",
    "tutor:allyswitch",
    "tutor:block",
    "tutor:calmmind",
    "tutor:covet",
    "tutor:darkpulse",
    "tutor:energyball",
    "tutor:expandingforce",
    "tutor:foulplay",
    "tutor:gigaimpact",
    "tutor:gravity",
    "tutor:healbell",
    "tutor:helpinghand",
    "tutor:hyperbeam",
    "tutor:laserfocus",
    "tutor:magiccoat",
    "tutor:magicroom",
    "tutor:psychic",
    "tutor:recycle",
    "tutor:rest",
    "tutor:rockslide",
    "tutor:roleplay",
    "tutor:shadowball",
    "tutor:shockwave",
    "tutor:signalbeam",
    "tutor:skillswap",
    "tutor:sleeptalk",
    "tutor:snatch",
    "tutor:swift",
    "tutor:telekinesis",
    "tutor:thunderbolt",
    "tutor:trick",
    "tutor:zenheadbutt"
  ],
  "preEvolution": "gothorita",
  "evolutions": []
}