{
  "implemented": true,
  "nationalPokedexNumber": 612,
  "name": "Haxorus",
  "primaryType": "dragon",
  "maleRatio": 0.5,
  "height": 18,
  "weight": 1055,
  "pokedex": [
    "cobblemon.species.haxorus.desc"
  ],
  "labels": [
    "gen5"
  ],
  "aspects": [],
  "abilities": [
    "rivalry",
    "moldbreaker",
    "h:unnerve"
  ],
  "eggGroups": [
    "monster",
    "dragon"
  ],
  "baseStats": {
    "hp": 76,
    "attack": 147,
    "defence": 90,
    "special_attack": 60,
    "special_defence": 70,
    "speed": 97
  },
  "evYield": {
    "hp": 0,
    "attack": 3,
    "defence": 0,
    "special_attack": 0,
    "special_defence": 0,
    "speed": 0
  },
  "baseExperienceYield": 270,
  "experienceGroup": "slow",
  "catchRate": 45,
  "eggCycles": 40,
  "baseFriendship": 35,
  "baseScale": 0.8,
  "hitbox": {
    "width": 2,
    "height": 4,
    "fixed": false
  },
  "behaviour": {
    "moving": {
      "canLook": true,
      "walk": {
        "walkSpeed": 0.2,
        "canWalk": true
      },
      "swim": {
        "canSwimInLava": false
      }      
    },
    "resting": {
      "canSleep": true,
      "willSleepOnBed": false,
      "depth": "normal",
      "light": "0-6"
    }
  },
  "drops": {
    "amount": 2,
    "entries": [
      {
        "item": "cobblemon:dragon_fang",
        "percentage": 10.0
      },
      {
        "item": "cobblemon:haban_berry",
        "percentage": 10.0
      }
    ]
  },
  "moves": [
    "1:scratch",
    "1:leer",
    "1:dragonrage",
    "1:falseswipe",
    "1:bite",
    "9:assurance",
    "12:taunt",
    "15:slash",
    "18:dragonclaw",
    "21:scaryface",
    "24:crunch",
    "27:dragondance",
    "30:breakingswipe",
    "33:focusenergy",
    "36:dragonpulse",
    "41:swordsdance",
    "46:outrage",
    "53:guillotine",
    "60:gigaimpact",
    "egg:aquatail",
    "egg:counter",
    "egg:endeavor",
    "egg:firstimpression",
    "egg:harden",
    "egg:irontail",
    "egg:nightslash",
    "egg:razorwind",
    "tm:aerialace",
    "tm:aquatail",
    "tm:assurance",
    "tm:bodyslam",
    "tm:breakingswipe",
    "tm:brickbreak",
    "tm:brutalswing",
    "tm:bulldoze",
    "tm:closecombat",
    "tm:crunch",
    "tm:cut",
    "tm:dig",
    "tm:doubleedge",
    "tm:dracometeor",
    "tm:dragoncheer",
    "tm:dragonclaw",
    "tm:dragondance",
    "tm:dragonpulse",
    "tm:dragontail",
    "tm:dualchop",
    "tm:earthquake",
    "tm:endeavor",
    "tm:endure",
    "tm:facade",
    "tm:falseswipe",
    "tm:fling",
    "tm:focusblast",
    "tm:focusenergy",
    "tm:gigaimpact",
    "tm:grassknot",
    "tm:honeclaws",
    "tm:hyperbeam",
    "tm:incinerate",
    "tm:ironhead",
    "tm:irontail",
    "tm:laserfocus",
    "tm:lowkick",
    "tm:lowsweep",
    "tm:outrage",
    "tm:payback",
    "tm:poisonjab",
    "tm:protect",
    "tm:psychocut",
    "tm:raindance",
    "tm:rest",
    "tm:reversal",
    "tm:roar",
    "tm:rockslide",
    "tm:rocksmash",
    "tm:rocktomb",
    "tm:scaleshot",
    "tm:scaryface",
    "tm:shadowclaw",
    "tm:shockwave",
    "tm:sleeptalk",
    "tm:snarl",
    "tm:stompingtantrum",
    "tm:strength",
    "tm:substitute",
    "tm:sunnyday",
    "tm:superpower",
    "tm:surf",
    "tm:swift",
    "tm:swordsdance",
    "tm:takedown",
    "tm:taunt",
    "tm:terablast",
    "tm:trailblaze",
    "tm:xscissor",
    "tutor:aerialace",
    "tutor:aquatail",
    "tutor:bulldoze",
    "tutor:dracometeor",
    "tutor:dragonpulse",
    "tutor:dualchop",
    "tutor:endeavor",
    "tutor:falseswipe",
    "tutor:focusenergy",
    "tutor:gigaimpact",
    "tutor:hyperbeam",
    "tutor:ironhead",
    "tutor:irontail",
    "tutor:laserfocus",
    "tutor:lowkick",
    "tutor:outrage",
    "tutor:poisonjab",
    "tutor:psychocut",
    "tutor:rest",
    "tutor:rockslide",
    "tutor:rocksmash",
    "tutor:scaleshot",
    "tutor:shadowclaw",
    "tutor:shockwave",
    "tutor:sleeptalk",
    "tutor:snarl",
    "tutor:stompingtantrum",
    "tutor:superpower",
    "tutor:swift",
    "tutor:xscissor"
  ],
  "preEvolution": "fraxure",
  "evolutions": []
}