{
  "implemented": true,
  "nationalPokedexNumber": 630,
  "name": "Mandibuzz",
  "primaryType": "dark",
  "secondaryType": "flying",
  "maleRatio": 0,
  "height": 12,
  "weight": 395,
  "pokedex": [
    "cobblemon.species.mandibuzz.desc"
  ],
  "labels": [
    "gen5"
  ],
  "aspects": [],
  "abilities": [
    "bigpecks",
    "overcoat",
    "h:weakarmor"
  ],
  "eggGroups": [
    "flying"
  ],
  "baseStats": {
    "hp": 110,
    "attack": 65,
    "defence": 105,
    "special_attack": 55,
    "special_defence": 95,
    "speed": 80
  },
  "evYield": {
    "hp": 0,
    "attack": 0,
    "defence": 0,
    "special_attack": 2,
    "special_defence": 0,
    "speed": 0
  },
  "baseExperienceYield": 179,
  "experienceGroup": "slow",
  "catchRate": 60,
  "eggCycles": 20,
  "baseFriendship": 35,
  "baseScale": 1,
  "hitbox": {
    "width": 1,
    "height": 1,
    "fixed": false
  },
  "drops": {
    "amount": 7,
    "entries": [
      {
        "item": "minecraft:feather",
        "quantityRange": "0-2"
      },
      {
        "item": "minecraft:rotten_flesh",
        "quantityRange": "0-2"
      },
      {
        "item": "minecraft:chicken"
      },
      {
        "item": "cobblemon:sharp_beak",
        "percentage": 2.5
      },
      {
        "item": "cobblemon:bluk_berry",
        "percentage": 5.0
      }
    ]
  },
  "moves": [
    "1:gust",
    "1:leer",
    "1:furyattack",
    "1:pluck",
    "1:flatter",
    "1:feintattack",
    "1:punishment",
    "1:bonerush",
    "1:mirrormove",
    "1:skyattack",
    "1:toxic",
    "18:tailwind",
    "24:knockoff",
    "30:irondefense",
    "36:whirlwind",
    "42:airslash",
    "48:darkpulse",
    "57:nastyplot",
    "64:defog",
    "72:attract",
    "80:bravebird",
    "egg:feintattack",
    "egg:meanlook",
    "egg:mirrormove",
    "egg:punishment",
    "egg:roost",
    "egg:toxic",
    "tm:acrobatics",
    "tm:aerialace",
    "tm:aircutter",
    "tm:airslash",
    "tm:assurance",
    "tm:attract",
    "tm:block",
    "tm:bravebird",
    "tm:cut",
    "tm:darkpulse",
    "tm:defog",
    "tm:doubleedge",
    "tm:dualwingbeat",
    "tm:embargo",
    "tm:endure",
    "tm:facade",
    "tm:faketears",
    "tm:featherdance",
    "tm:fly",
    "tm:foulplay",
    "tm:gigaimpact",
    "tm:heatwave",
    "tm:hurricane",
    "tm:hyperbeam",
    "tm:incinerate",
    "tm:irondefense",
    "tm:knockoff",
    "tm:lashout",
    "tm:nastyplot",
    "tm:payback",
    "tm:pluck",
    "tm:protect",
    "tm:psychup",
    "tm:raindance",
    "tm:rest",
    "tm:retaliate",
    "tm:rocksmash",
    "tm:rocktomb",
    "tm:roost",
    "tm:sandstorm",
    "tm:scaryface",
    "tm:shadowball",
    "tm:skyattack",
    "tm:sleeptalk",
    "tm:snarl",
    "tm:snatch",
    "tm:spite",
    "tm:steelwing",
    "tm:substitute",
    "tm:sunnyday",
    "tm:swift",
    "tm:tailwind",
    "tm:takedown",
    "tm:taunt",
    "tm:terablast",
    "tm:thief",
    "tm:throatchop",
    "tm:torment",
    "tm:toxic",
    "tm:uproar",
    "tm:uturn",
    "tutor:aerialace",
    "tutor:aircutter",
    "tutor:block",
    "tutor:darkpulse",
    "tutor:defog",
    "tutor:dualwingbeat",
    "tutor:foulplay",
    "tutor:gigaimpact",
    "tutor:heatwave",
    "tutor:hyperbeam",
    "tutor:irondefense",
    "tutor:knockoff",
    "tutor:lashout",
    "tutor:rest",
    "tutor:rocksmash",
    "tutor:roost",
    "tutor:shadowball",
    "tutor:skyattack",
    "tutor:sleeptalk",
    "tutor:snarl",
    "tutor:snatch",
    "tutor:spite",
    "tutor:swift",
    "tutor:tailwind",
    "tutor:throatchop",
    "tutor:uproar"
  ],
  "preEvolution": "vullaby",
  "evolutions": []
}