{
    "enabled": true,
    "neededInstalledMods": [],
    "neededUninstalledMods": [],
    "spawns": [
        {
            "id": "zapdos",
            "pokemon": "zapdos",
            "presets": [
                "natural"
            ],
            "type": "pokemon",
            "context": "grounded",
            "bucket": "ultra-rare",
            "level": "50",
            "weight": 1.0,
            "condition": {
                "biomes": [
                    "cobbleverse:custom_spawn"
                ]
            }
        },
        {
            "id": "zapdos-2",
            "pokemon": "zapdos galarian",
            "presets": [
                "natural"
            ],
            "type": "pokemon",
            "context": "grounded",
            "bucket": "ultra-rare",
            "level": "60",
            "weight": 4.0,
            "condition": {
                "canSeeSky": true,
                "structures": [
                    "cobbleverse:dyna_tree"
                ],
                "isThundering": true
            }
        }
    ]
}