{
    "enabled": true,
    "neededInstalledMods": [],
    "neededUninstalledMods": [],
    "spawns": [
        {
            "id": "moltres-1",
            "pokemon": "moltres",
            "presets": [
                "natural"
            ],
            "type": "pokemon",
            "context": "grounded",
            "bucket": "ultra-rare",
            "level": "50",
            "weight": 1.0,
            "condition": {
                "biomes": [
                    "cobbleverse:custom_spawn"
                ]
            }
        },
        {
            "id": "moltres-2",
            "pokemon": "moltres galarian",
            "presets": [
                "natural"
            ],
            "type": "pokemon",
            "context": "grounded",
            "bucket": "ultra-rare",
            "level": "60",
            "weight": 4.0,
            "condition": {
                "canSeeSky": true,
                "structures": [
                    "cobbleverse:dyna_tree"
                ],
                "timeRange": "day"
            }
        }
    ]
}