{
    "enabled": true,
    "neededInstalledMods": [],
    "neededUninstalledMods": [],
    "spawns": [
        {
            "id": "raikou-1",
            "pokemon": "raikou",
            "presets": [
                "natural"
            ],
            "type": "pokemon",
            "context": "grounded",
            "bucket": "ultra-rare",
            "level": "60",
            "weight": 33.33,
            "condition": {
                "structures": [
                    "cobbleverse:burned_tower"
                ]
            }
        }
    ]
}