{
    "enabled": true,
    "neededInstalledMods": [],
    "neededUninstalledMods": [],
    "spawns": [
        {
            "id": "throh-1",
            "pokemon": "throh",
            "presets": [
                "natural",
                "wild"
            ],
            "type": "pokemon",
            "context": "grounded",
            "bucket": "rare",
            "level": "36-55",
            "weight": 8.0,
            "condition": {
                "biomes": [
                    "#cobblemon:is_arid"
                ]
            }
        }
    ]
}