{
    "enabled": "true",
    "neededInstalledMods": [],
    "neededUninstalledMods": [],
    "spawns": [
        {
            "id": "sewaddle-1",
            "pokemon": "sewaddle",
            "presets": [
                "natural",
                "wild"
            ],
            "type": "pokemon",
            "context": "grounded",
            "bucket": "common",
            "level": "4-19",
            "weight": 5.0,
            "condition": {
                "biomes": [
                    "#cobblemon:is_forest"
                ],
                "timeRange": "day"
            }
        }
    ]
}