{
      "enabled": true,
      "neededInstalledMods": [],
      "neededUninstalledMods": [],
      "spawns": [
            {
                  "id": "spritzee-1",
                  "pokemon": "spritzee",
                  "presets": [
                        "natural",
                        "wild"
                  ],
                  "type": "pokemon",
                  "context": "grounded",
                  "bucket": "common",
                  "level": "24-34",
                  "weight": 7.6,
                  "condition": {
                        "biomes": [
                              "#cobblemon:is_floral"
                        ]
                  }
            },
            {
                  "id": "spritzee-2",
                  "pokemon": "spritzee",
                  "presets": [
                        "natural",
                        "wild"
                  ],
                  "type": "pokemon",
                  "context": "grounded",
                  "bucket": "common",
                  "level": "27-35",
                  "weight": 7.6,
                  "condition": {
                        "biomes": [
                              "#cobblemon:is_forest"
                        ]
                  }
            }
      ]
}