{
  "enabled": true,
  "neededInstalledMods": [],
  "neededUninstalledMods": [],
  "spawns": [
        {
            "id": "diancie-1",
            "pokemon": "diancie",
            "presets": [
                "natural"
            ],
            "type": "pokemon",
            "context": "grounded",
            "bucket": "rare",
            "level": "40-55",
            "weight": 5.0,
            "condition": {
                "minSkyLight": 0,
                "maxSkyLight": 7,
                "biomes": [
                    "minecraft:lush_caves"
                ],
                "neededNearbyBlocks": [
                    "minecraft:diamond_ore",
					"minecraft:deepslate_diamond_ore"
                ]
            }
        },
        {
            "id": "diancie-2",
            "pokemon": "diancie",
            "presets": [
                "natural"
            ],
            "type": "pokemon",
            "context": "grounded",
            "bucket": "rare",
            "level": "45-58",
            "weight": 5.0,
            "condition": {
                "minSkyLight": 0,
                "maxSkyLight": 7,
                "biomes": [
                    "#cobblemon:is_caves"
                ],
                "neededNearbyBlocks": [
                    "minecraft:amethyst_block"
                ]
            }
        }
    ]
}