{
  "enabled": true,
  "neededInstalledMods": [],
  "neededUninstalledMods": [],
  "spawns": [
      {
          "id": "volcanion-1",
          "pokemon": "volcanion",
          "presets": [
              "natural"
          ],
          "type": "pokemon",
          "context": "grounded",
          "bucket": "ultra-rare",
          "canSeeSky":"true",
          "level": "70",
          "weight": 0.33,
          "condition": {
              "biomes": [
                  "#minecraft:is_mountain"
              ]
          }
      }
  ]
}
