{
    "enabled": true,
    "neededInstalledMods": [],
    "neededUninstalledMods": [],
    "spawns": [
        {
            "id": "charjabug-1",
            "pokemon": "charjabug",
            "type": "pokemon",
            "context": "grounded",
            "bucket": "uncommon",
            "level": "13-31",
            "weight": 4.0,
            "condition": {
                "canSeeSky": true,
                "biomes": [
                    "#cobblemon:is_badlands",
                    "#cobblemon:is_jungle"
                ]
			}
		}
    ]
}