{
    "enabled": true,
    "neededInstalledMods": [],
    "neededUninstalledMods": [],
    "spawns": [
        {
            "id": "rockruff-1",
            "pokemon": "rockruff",
            "type": "pokemon",
            "context": "grounded",
            "bucket": "uncommon",
            "level": "15-20",
            "weight": 1.5,
            "condition": {
                "timeRange": "day",
                "canSeeSky": true,
                "biomes": [
                    "#cobblemon:is_mountain",
                    "#cobblemon:is_hills"
                ]
            }
        },
        {
            "id": "rockruff-2",
            "pokemon": "rockruff",
            "type": "pokemon",
            "context": "grounded",
            "bucket": "uncommon",
            "level": "15-20",
            "weight": 1.5,
            "condition": {
                "timeRange": "night",
                "canSeeSky": true,
                "biomes": [
                    "#cobblemon:is_mountain",
                    "#cobblemon:is_hills"
                ]
            }
        },
        {
            "id": "rockruff-3",
            "pokemon": "rockruff",
            "type": "pokemon",
            "context": "grounded",
            "bucket": "uncommon",
            "level": "15-20",
            "weight": 2.5,
            "condition": {
                "canSeeSky": true,
                "biomes": [
                    "#cobblemon:is_mountain",
                    "#cobblemon:is_hills"
                ]
            }
        }
    ]
}