{
    "enabled": true,
    "neededInstalledMods": [],
    "neededUninstalledMods": [],
    "spawns": [
        {
            "id": "coalossal-1",
            "pokemon": "coalossal",
            "presets": [
                "natural",
                "wild"
            ],
            "type": "pokemon",
            "context": "grounded",
            "bucket": "rare",
            "level": "36-55",
            "weight": 5.0,
            "condition": {
                "biomes": [
                    "#cobblemon:is_cave",
                    "#cobblemon:is_mountain"
                ],
                "neededNearbyBlocks": [
                    "minecraft:coal_ore"
                ]
            }
        },
        {
            "id": "coalossal-2",
            "pokemon": "coalossal",
            "presets": [
                "natural",
                "wild"
            ],
            "type": "pokemon",
            "context": "grounded",
            "bucket": "ultra-rare",
            "level": "35-47",
            "weight": 1.5,
            "condition": {
                "biomes": [
                    "#cobblemon:is_cave",
                    "#cobblemon:is_mountain"
                ]
            }
        }
    ]
}