{
    "enabled": true,
    "neededInstalledMods": [],
    "neededUninstalledMods": [],
    "spawns": [
        {
            "id": "ursaluna-1",
            "pokemon": "ursaluna",
            "presets": [
                "natural",
                "wild"
            ],
            "type": "pokemon",
            "context": "grounded",
            "bucket": "rare",
            "level": "45-55",
            "weight": 0.5,
            "condition": {
                "biomes": [
                    "#cobblemon:is_forest",
                    "#cobblemon:is_mountain",
                    "#cobblemon:is_taiga"
                ],
                "minY": 48
            }
        },
        {
            "id": "ursaluna_bloodmoon-2",
            "pokemon": "ursaluna bloodmoon",
            "presets": [
                "natural",
                "wild"
            ],
            "type": "pokemon",
            "context": "grounded",
            "bucket": "ultra-rare",
            "level": "60-70",
            "weight": 0.5,
            "condition": {
                "biomes": [
                    "#cobblemon:is_forest",
                    "#cobblemon:is_magical"
                ],
                "timeRange": "night"
            }
        }
    ]
}