{
  "pools": [
    {
      "rolls": {
        "min": 1,
        "max": 1
      },
      "entries": [
        {
          "type": "minecraft:item",
          "name": "cobbleversebadges:johto_zephyr_badge",
          "conditions": [
            {
              "condition": "rctmod:defeat_count",
              "comparator": "==",
              "count": 1
            }
          ]
        }
      ]
    },
    {
      "rolls": {
        "min": 1,
        "max": 1
      },
      "entries": [
        {
          "type": "minecraft:loot_table",
          "value": "rctmod:generic/unique/kanto_badgesbox"
        }
      ]
    },
    {
      "rolls": {
        "min": 1,
        "max": 1
      },
      "entries": [
        {
          "type": "minecraft:item",
          "name": "tmcraft:tm_roost"
        },
        {
          "type": "minecraft:item",
          "name": "tmcraft:tm_mudslap"
        }
      ]
    }
  ],
  "random_sequence": "rctmod:trainers/single/johto_valerio"
}