{
  "implemented": true,
  "nationalPokedexNumber": 305,
  "name": "Lairon",
  "primaryType": "steel",
  "secondaryType": "rock",
  "maleRatio": 0.5,
  "height": 9,
  "weight": 1200,
  "pokedex": [
    "cobblemon.species.lairon.desc"
  ],
  "labels": [
    "gen3"
  ],
  "aspects": [],
  "abilities": [
    "sturdy",
    "rockhead",
    "h:heavymetal"
  ],
  "eggGroups": [
    "monster"
  ],
  "baseStats": {
    "hp": 60,
    "attack": 90,
    "defence": 140,
    "special_attack": 50,
    "special_defence": 50,
    "speed": 40
  },
  "evYield": {
    "hp": 0,
    "attack": 0,
    "defence": 2,
    "special_attack": 0,
    "special_defence": 0,
    "speed": 0
  },
  "baseExperienceYield": 151,
  "experienceGroup": "slow",
  "catchRate": 90,
  "eggCycles": 35,
  "baseFriendship": 35,
  "baseScale": 1,
  "hitbox": {
    "width": 1.1,
    "height": 0.7,
    "fixed": false
  },
  "behaviour": {
    "moving": {
      "walk": {
        "walkSpeed": 0.35
      },
      "swim": {
        "canSwimInLava": false
      }
    }
  },
  "drops": {
    "amount": 4,
    "entries": [
      {
        "item": "minecraft:raw_iron",
        "quantityRange": "0-2"
      },
      {
        "item": "cobblemon:hard_stone",
        "percentage": 5.0
      },
      {
        "item": "cobblemon:chople_berry",
        "percentage": 5.0
      }
    ]
  },
  "moves": [
    "1:tackle",
    "1:harden",
    "1:metalclaw",
    "1:rocktomb",
    "12:roar",
    "16:headbutt",
    "20:protect",
    "24:rockslide",
    "28:ironhead",
    "35:metalsound",
    "40:takedown",
    "46:autotomize",
    "52:irontail",
    "58:irondefense",
    "64:heavyslam",
    "70:doubleedge",
    "76:metalburst",
    "egg:curse",
    "egg:dragonrush",
    "egg:endeavor",
    "egg:headsmash",
    "egg:mudslap",
    "egg:smellingsalts",
    "egg:stomp",
    "tm:aerialace",
    "tm:ancientpower",
    "tm:bodypress",
    "tm:bodyslam",
    "tm:bulldoze",
    "tm:curse",
    "tm:cut",
    "tm:dig",
    "tm:doubleedge",
    "tm:earthpower",
    "tm:earthquake",
    "tm:endeavor",
    "tm:endure",
    "tm:facade",
    "tm:furycutter",
    "tm:headbutt",
    "tm:heavyslam",
    "tm:honeclaws",
    "tm:irondefense",
    "tm:ironhead",
    "tm:irontail",
    "tm:magnetrise",
    "tm:metalclaw",
    "tm:metalsound",
    "tm:mudslap",
    "tm:protect",
    "tm:raindance",
    "tm:rest",
    "tm:reversal",
    "tm:roar",
    "tm:rockblast",
    "tm:rockpolish",
    "tm:rockslide",
    "tm:rocksmash",
    "tm:rocktomb",
    "tm:rollout",
    "tm:sandstorm",
    "tm:sandtomb",
    "tm:screech",
    "tm:shadowclaw",
    "tm:shockwave",
    "tm:sleeptalk",
    "tm:spite",
    "tm:stealthrock",
    "tm:steelbeam",
    "tm:steelroller",
    "tm:stompingtantrum",
    "tm:stoneedge",
    "tm:strength",
    "tm:substitute",
    "tm:sunnyday",
    "tm:superpower",
    "tm:takedown",
    "tm:terablast",
    "tm:uproar",
    "tm:waterpulse",
    "tutor:aerialace",
    "tutor:ancientpower",
    "tutor:bulldoze",
    "tutor:earthpower",
    "tutor:endeavor",
    "tutor:furycutter",
    "tutor:irondefense",
    "tutor:ironhead",
    "tutor:irontail",
    "tutor:magnetrise",
    "tutor:mudslap",
    "tutor:rest",
    "tutor:rockslide",
    "tutor:rocksmash",
    "tutor:rollout",
    "tutor:shadowclaw",
    "tutor:shockwave",
    "tutor:sleeptalk",
    "tutor:spite",
    "tutor:stealthrock",
    "tutor:steelbeam",
    "tutor:steelroller",
    "tutor:stompingtantrum",
    "tutor:stoneedge",
    "tutor:superpower",
    "tutor:uproar",
    "tutor:waterpulse"
  ],
  "preEvolution": "aron",
  "evolutions": [
    {
      "id": "lairon_aggron",
      "variant": "level_up",
      "result": "aggron",
      "consumeHeldItem": false,
      "learnableMoves": [],
      "requirements": [
        {
          "variant": "level",
          "minLevel": 42
        }
      ]
    }
  ]
}